reviews,date,review
,2021.03.09,미나리 디아스포라와 노스탤지어의 아련한 영화 (결말포함)
,2021.01.06,미나리(2020) - 이 땅의 모든 할머니들에게
,2021.03.14,"진정성 있는 이야기와 배우들의 힘 - 영화> 미나리(Minari, 2020)"
,2021.01.13,미나리
,2021.04.13,영화 <미나리> 감상 후 : 우리는 서로의 구원이 될 수 있을까? *스포주의*
,2021.01.03,스필버그가 만들어도 외국어영화일까? 커지는 '미나리' 논란
,2021.03.07,"[영화] 미나리 후기 - 마음 같지 않은 PP 자리, possible position"
,2021.03.07,[253]  '미나리'처럼 우리도 굳게 자라리라 <미나리>
,2021.03.12,[Movie Review] 미나리 
,2021.03.07,[미나리] ★★★★  소소한 유머 사이로 나오는 가족이라는 관계
,2021.03.04,[영화] 미나리(Minari)
,2021.03.13,"[리뷰 - 미나리] 한국적이면서도 보편적인, 그러나 미국적인 가족 이야기 영화 <미나리> 리뷰!"
,2021.03.08,영화 '미나리'를 보고..(가족이란 무엇인가?)
,2021.02.12,영화 - 미나리 
,2021.03.10,"미나리, Minari"
,2021.03.09,[2021-52] 미나리
,2021.03.15,미나리
,2021.03.16,미나리
,2021.03.22,"영화관람 후기 - [미나리] 감독:정이삭& 출연:스티븐 연,한예리,윤여정,앨런 김,노엘 조"
,2021.03.31,영화 미나리 리뷰
,2021.04.12,[후기] 영화 미나리 (Minari) (스포X)
,2021.04.26,"윤여정의 유머 “브래드 피트, 나 영화 찍을때 어딨었나”"
,2021.05.09,'진짜' 가족이 되어가는 과정을 담은 <미나리>
,2021.05.25,미나리
,2021.05.25,미나리
,2021.05.20,미나리 영화를 보고...
,2021.05.20,미나리 영화를보고
,2021.05.25,미나리
,2021.05.25,미나리
,2021.05.25,미나리
,2021.05.25,미나리
,2021.05.25,미나리- 2
,2021.05.25,미나리
,2021.05.25,미나리
,2021.07.11,"영화 미나리 (Minari, 2020)_ 결말, 줄거리 그리고 리뷰 "
,2021.03.04,[영화 미나리 정보&후기] 윤여정은 왜 여우조연상을 탔을까?(노스포일러 리뷰 해석)
,2021.02.21,"개봉예정영화_ 미나리 _전세계가기다린희망_윤여정,한예리_국제영화제수상작_문충추천작"
,2021.03.06,"미나리 (Minari, 2020) - ‘이국의 가장 기름진 땅에 뿌려둔 한 줌의 씨’ [영화 후기,리뷰/신작, 개봉작, 상영작, 한국, 가족 영화 추천/결말 "
,2021.03.07,Minari
,2021.03.21,#24. 미나리(2021)_정이삭
,2021.05.25,미나리
,2021.05.16,[21.05.15]미나리
,2021.05.25,미나리
,2021.05.02,미나리
,2021.05.20,미나리
,2021.05.20,"미나리 영화를,,,,"
,2021.05.25,미나리 영화
,2021.01.10,미나리 - 아칸소 
,2021.02.06,미나리
,2021.03.04,"오늘 아침부터 너무 힘든 하루여서 거의 정신력으로 본 ""미나리 (Minari)"""
,2021.03.03,[예매권]<미나리> 참 한국적이면서 참 이국적인...
,2021.03.14,미나리(그리고 병아리감별사와 기독교)
,2021.03.16,수원 남문 메가박스 이용 후기 (feat.미나리) 스포일러 없음
,2021.03.11,<영화> 미나리 2021.03.06
,2021.03.13,"□ 영화【미나리 (Minari)】,2020 中"
,2021.03.10,미나리 할머니
,2021.03.06,미나리
,2021.05.25,"영화 ""미나리""를 보고 "
,2021.05.25,미나리
,2021.05.25,미나리
,2021.03.05,"회색 영역의 영화, <미나리>"
,2021.03.04,[영화 미나리] 잔잔한 소품이 주는 아련한 여운
,2021.03.09,영화 미나리 : 미국 이민 1세대의 힘겨웠던 삶
,2021.03.07,[미나리]이민1세대의 애환과 아픔이 잔잔히 다가온다.
,2021.03.17,"미나리 (Minari, 2020) - ★★★☆"
,2021.03.12,제목이 미나리인 이유을 미쿡놈들이 알까?... 미나리 
,2021.03.10,미나리
,2021.03.28,"미나리, 2021"
,2021.03.27,[미나리] 미나리처럼 굳세게 위기를 극복해 나가는 사람들
,2021.03.08,미나리 - 정이삭
,2021.03.06,미나리 [2021]
,2021.05.04,미나리
,2021.04.17,"영화, 미나리. 담담담담"
,2021.04.12,미나리
,2021.05.18,[영화]미나리
,2021.10.15,미나리
,2021.03.08,미나리
,2021.04.05,미나리
,2021.05.04,[영화] 미나리 (결말 스포 있습니다.)
,2021.04.22,미나리
,2021.06.07,"미나리 원더풀, 당신의 평범한 인생도 원더풀! < 영화 : 미나리 >"
,2021.07.16,"[미나리] 생각보다 평범하고 잔잔한 느낌, 영화 "" 미나리 "" ♪ (+스포)"
,2021.10.06,미나리
,2021.02.01,"미나리 ,Minari, 2020 ★★☆"
,2020.11.05,[229] 미나리
,2020.11.02,"미나리 (Micari, 2020)"
,2020.12.25,"영화 [미나리] 예고편 : 한예리, 스티븐 연, 윤여정, 윌 패튼 : 2021 : 드라마"
,2020.12.15,"[연예뉴스 HOT①] ‘미나리’ 윤여정, 보스턴비평가협 여우조연상"
,2021.01.03,"미나리 minari   -   ""105번째 영화 감상"" "
,2021.01.04,미나리
,2021.01.07,"영화 미나리, 美 영화 협회·시상식 윤여정 조연상, 작품상 수상..오스카도 문제 없다."
,2021.01.17,[이후남의 영화몽상] 먼 길 돌아오는 ‘미나리’
,2021.01.10,'미나리' 오스카 더 가깝게…윤여정 美 8관왕 달성
,2021.01.07,"영화 미나리, 美 영화 협회·시상식 윤여정 조연상, 작품상 수상..오스카도 문제 없다."
,2021.02.08,"[공식] '미나리' 측 ""불법 복제·배포 기승…법적 대응"""
,2021.03.03,영화 <미나리>가 호평을 받는 까닭은?
,2021.01.23,(영화) 미나리 
,2021.01.20,윤여정 님
,2021.03.08,할머니의 힘! 영화 미나리
,2021.03.05,"영화 '미나리', 서로를 구해주자는 약속"
